<?xml version="1.0" encoding="UTF-8"?>
<GenRun Id="impl_1" LaunchPart="xc7a35tcpg236-1" LaunchTime="1733998790">
  <File Type="BITSTR-BMM" Name="Master_Game_bd.bmm"/>
  <File Type="OPT-METHODOLOGY-DRC" Name="Master_Game_methodology_drc_opted.rpt"/>
  <File Type="INIT-TIMING" Name="Master_Game_timing_summary_init.rpt"/>
  <File Type="ROUTE-PWR" Name="Master_Game_power_routed.rpt"/>
  <File Type="PA-TCL" Name="Master_Game.tcl"/>
  <File Type="OPT-TIMING" Name="Master_Game_timing_summary_opted.rpt"/>
  <File Type="OPT-DCP" Name="Master_Game_opt.dcp"/>
  <File Type="ROUTE-PWR-SUM" Name="Master_Game_power_summary_routed.pb"/>
  <File Type="REPORTS-TCL" Name="Master_Game_reports.tcl"/>
  <File Type="OPT-DRC" Name="Master_Game_drc_opted.rpt"/>
  <File Type="OPT-HWDEF" Name="Master_Game.hwdef"/>
  <File Type="PWROPT-DCP" Name="Master_Game_pwropt.dcp"/>
  <File Type="PWROPT-DRC" Name="Master_Game_drc_pwropted.rpt"/>
  <File Type="PWROPT-TIMING" Name="Master_Game_timing_summary_pwropted.rpt"/>
  <File Type="PLACE-DCP" Name="Master_Game_placed.dcp"/>
  <File Type="PLACE-IO" Name="Master_Game_io_placed.rpt"/>
  <File Type="PLACE-CLK" Name="Master_Game_clock_utilization_placed.rpt"/>
  <File Type="PLACE-UTIL" Name="Master_Game_utilization_placed.rpt"/>
  <File Type="PLACE-UTIL-PB" Name="Master_Game_utilization_placed.pb"/>
  <File Type="PLACE-CTRL" Name="Master_Game_control_sets_placed.rpt"/>
  <File Type="PLACE-SIMILARITY" Name="Master_Game_incremental_reuse_placed.rpt"/>
  <File Type="PLACE-PRE-SIMILARITY" Name="Master_Game_incremental_reuse_pre_placed.rpt"/>
  <File Type="PLACE-TIMING" Name="Master_Game_timing_summary_placed.rpt"/>
  <File Type="POSTPLACE-PWROPT-DCP" Name="Master_Game_postplace_pwropt.dcp"/>
  <File Type="BG-BIN" Name="Master_Game.bin"/>
  <File Type="POSTPLACE-PWROPT-TIMING" Name="Master_Game_timing_summary_postplace_pwropted.rpt"/>
  <File Type="PHYSOPT-DCP" Name="Master_Game_physopt.dcp"/>
  <File Type="PHYSOPT-DRC" Name="Master_Game_drc_physopted.rpt"/>
  <File Type="BITSTR-MSK" Name="Master_Game.msk"/>
  <File Type="PHYSOPT-TIMING" Name="Master_Game_timing_summary_physopted.rpt"/>
  <File Type="ROUTE-ERROR-DCP" Name="Master_Game_routed_error.dcp"/>
  <File Type="ROUTE-DCP" Name="Master_Game_routed.dcp"/>
  <File Type="ROUTE-BLACKBOX-DCP" Name="Master_Game_routed_bb.dcp"/>
  <File Type="ROUTE-DRC" Name="Master_Game_drc_routed.rpt"/>
  <File Type="ROUTE-DRC-PB" Name="Master_Game_drc_routed.pb"/>
  <File Type="ROUTE-DRC-RPX" Name="Master_Game_drc_routed.rpx"/>
  <File Type="BITSTR-MMI" Name="Master_Game.mmi"/>
  <File Type="ROUTE-METHODOLOGY-DRC" Name="Master_Game_methodology_drc_routed.rpt"/>
  <File Type="ROUTE-METHODOLOGY-DRC-RPX" Name="Master_Game_methodology_drc_routed.rpx"/>
  <File Type="ROUTE-METHODOLOGY-DRC-PB" Name="Master_Game_methodology_drc_routed.pb"/>
  <File Type="ROUTE-PWR-RPX" Name="Master_Game_power_routed.rpx"/>
  <File Type="ROUTE-STATUS" Name="Master_Game_route_status.rpt"/>
  <File Type="ROUTE-STATUS-PB" Name="Master_Game_route_status.pb"/>
  <File Type="ROUTE-TIMINGSUMMARY" Name="Master_Game_timing_summary_routed.rpt"/>
  <File Type="ROUTE-TIMING-PB" Name="Master_Game_timing_summary_routed.pb"/>
  <File Type="ROUTE-TIMING-RPX" Name="Master_Game_timing_summary_routed.rpx"/>
  <File Type="ROUTE-SIMILARITY" Name="Master_Game_incremental_reuse_routed.rpt"/>
  <File Type="ROUTE-CLK" Name="Master_Game_clock_utilization_routed.rpt"/>
  <File Type="ROUTE-BUS-SKEW" Name="Master_Game_bus_skew_routed.rpt"/>
  <File Type="ROUTE-BUS-SKEW-PB" Name="Master_Game_bus_skew_routed.pb"/>
  <File Type="ROUTE-BUS-SKEW-RPX" Name="Master_Game_bus_skew_routed.rpx"/>
  <File Type="POSTROUTE-PHYSOPT-DCP" Name="Master_Game_postroute_physopt.dcp"/>
  <File Type="POSTROUTE-PHYSOPT-BLACKBOX-DCP" Name="Master_Game_postroute_physopt_bb.dcp"/>
  <File Type="POSTROUTE-PHYSOPT-TIMING" Name="Master_Game_timing_summary_postroute_physopted.rpt"/>
  <File Type="POSTROUTE-PHYSOPT-TIMING-PB" Name="Master_Game_timing_summary_postroute_physopted.pb"/>
  <File Type="POSTROUTE-PHYSOPT-TIMING-RPX" Name="Master_Game_timing_summary_postroute_physopted.rpx"/>
  <File Type="POSTROUTE-PHYSOPT-BUS-SKEW" Name="Master_Game_bus_skew_postroute_physopted.rpt"/>
  <File Type="POSTROUTE-PHYSOPT-BUS-SKEW-PB" Name="Master_Game_bus_skew_postroute_physopted.pb"/>
  <File Type="BG-BIT" Name="Master_Game.bit"/>
  <File Type="POSTROUTE-PHYSOPT-BUS-SKEW-RPX" Name="Master_Game_bus_skew_postroute_physopted.rpx"/>
  <File Type="BITSTR-RBT" Name="Master_Game.rbt"/>
  <File Type="BITSTR-NKY" Name="Master_Game.nky"/>
  <File Type="PDI-FILE" Name="Master_Game.pdi"/>
  <File Type="RCFI_FILE" Name="Master_Game.rcfi"/>
  <File Type="CFI_FILE" Name="Master_Game.cfi"/>
  <File Type="RNPI_FILE" Name="Master_Game.rnpi"/>
  <File Type="NPI_FILE" Name="Master_Game.npi"/>
  <File Type="RBD_FILE" Name="Master_Game.rbd"/>
  <File Type="BITSTR-LTX" Name="debug_nets.ltx"/>
  <File Type="BITSTR-LTX" Name="Master_Game.ltx"/>
  <File Type="BITSTR-SYSDEF" Name="Master_Game.sysdef"/>
  <File Type="BG-BGN" Name="Master_Game.bgn"/>
  <File Type="BG-DRC" Name="Master_Game.drc"/>
  <File Type="RDI-RDI" Name="Master_Game.vdi"/>
  <File Type="WBT-USG" Name="usage_statistics_webtalk.html"/>
  <FileSet Name="sources" Type="DesignSrcs" RelSrcDir="$PSRCDIR/sources_1">
    <Filter Type="Srcs"/>
    <File Path="$PSRCDIR/sources_1/imports/new/Generic_counter.v">
      <FileInfo>
        <Attr Name="ImportPath" Val="$PPRDIR/../../../../../Two-Player-Snake-main/snake_game.srcs/sources_1/new/Generic_counter.v"/>
        <Attr Name="ImportTime" Val="1731568705"/>
        <Attr Name="UsedIn" Val="synthesis"/>
        <Attr Name="UsedIn" Val="implementation"/>
        <Attr Name="UsedIn" Val="simulation"/>
      </FileInfo>
    </File>
    <File Path="$PSRCDIR/sources_1/imports/new/Master_State_Machine.v">
      <FileInfo>
        <Attr Name="ImportPath" Val="$PPRDIR/../../../../../Two-Player-Snake-main/snake_game.srcs/sources_1/new/Master_State_Machine.v"/>
        <Attr Name="ImportTime" Val="1731577958"/>
        <Attr Name="UsedIn" Val="synthesis"/>
        <Attr Name="UsedIn" Val="implementation"/>
        <Attr Name="UsedIn" Val="simulation"/>
      </FileInfo>
    </File>
    <File Path="$PSRCDIR/sources_1/imports/new/Navigation_State_Machine.v">
      <FileInfo>
        <Attr Name="ImportPath" Val="$PPRDIR/../../../../../Two-Player-Snake-main/snake_game.srcs/sources_1/new/Navigation_State_Machine.v"/>
        <Attr Name="ImportTime" Val="1731556357"/>
        <Attr Name="UsedIn" Val="synthesis"/>
        <Attr Name="UsedIn" Val="implementation"/>
        <Attr Name="UsedIn" Val="simulation"/>
      </FileInfo>
    </File>
    <File Path="$PSRCDIR/sources_1/imports/new/PS2Receiver.v">
      <FileInfo>
        <Attr Name="ImportPath" Val="$PPRDIR/../../../../../Two-Player-Snake-main/snake_game.srcs/sources_1/new/PS2Receiver.v"/>
        <Attr Name="ImportTime" Val="1731521296"/>
        <Attr Name="UsedIn" Val="synthesis"/>
        <Attr Name="UsedIn" Val="implementation"/>
        <Attr Name="UsedIn" Val="simulation"/>
      </FileInfo>
    </File>
    <File Path="$PSRCDIR/sources_1/imports/new/Score_Counter.v">
      <FileInfo>
        <Attr Name="ImportPath" Val="$PPRDIR/../../../../../Two-Player-Snake-main/snake_game.srcs/sources_1/new/Score_Counter.v"/>
        <Attr Name="ImportTime" Val="1731577942"/>
        <Attr Name="UsedIn" Val="synthesis"/>
        <Attr Name="UsedIn" Val="implementation"/>
        <Attr Name="UsedIn" Val="simulation"/>
      </FileInfo>
    </File>
    <File Path="$PSRCDIR/sources_1/imports/new/Snake_control.v">
      <FileInfo>
        <Attr Name="ImportPath" Val="$PPRDIR/../../../../../Two-Player-Snake-main/snake_game.srcs/sources_1/new/Snake_control.v"/>
        <Attr Name="ImportTime" Val="1731578034"/>
        <Attr Name="UsedIn" Val="synthesis"/>
        <Attr Name="UsedIn" Val="implementation"/>
        <Attr Name="UsedIn" Val="simulation"/>
      </FileInfo>
    </File>
    <File Path="$PSRCDIR/sources_1/imports/new/Target_Generator.v">
      <FileInfo>
        <Attr Name="ImportPath" Val="$PPRDIR/../../../../../Two-Player-Snake-main/snake_game.srcs/sources_1/new/Target_Generator.v"/>
        <Attr Name="ImportTime" Val="1731569030"/>
        <Attr Name="UsedIn" Val="synthesis"/>
        <Attr Name="UsedIn" Val="implementation"/>
        <Attr Name="UsedIn" Val="simulation"/>
      </FileInfo>
    </File>
    <File Path="$PSRCDIR/sources_1/imports/new/VGA_Driver.v">
      <FileInfo>
        <Attr Name="ImportPath" Val="$PPRDIR/../../../../../Two-Player-Snake-main/snake_game.srcs/sources_1/new/VGA_Driver.v"/>
        <Attr Name="ImportTime" Val="1731575785"/>
        <Attr Name="UsedIn" Val="synthesis"/>
        <Attr Name="UsedIn" Val="implementation"/>
        <Attr Name="UsedIn" Val="simulation"/>
      </FileInfo>
    </File>
    <File Path="$PSRCDIR/sources_1/imports/new/VGA_Interface.v">
      <FileInfo>
        <Attr Name="ImportPath" Val="$PPRDIR/../../../../../Two-Player-Snake-main/snake_game.srcs/sources_1/new/VGA_Interface.v"/>
        <Attr Name="ImportTime" Val="1731567853"/>
        <Attr Name="UsedIn" Val="synthesis"/>
        <Attr Name="UsedIn" Val="implementation"/>
        <Attr Name="UsedIn" Val="simulation"/>
      </FileInfo>
    </File>
    <File Path="$PSRCDIR/sources_1/new/alphabetGen.v">
      <FileInfo>
        <Attr Name="UsedIn" Val="synthesis"/>
        <Attr Name="UsedIn" Val="implementation"/>
        <Attr Name="UsedIn" Val="simulation"/>
      </FileInfo>
    </File>
    <File Path="$PSRCDIR/sources_1/imports/new/debouncer.v">
      <FileInfo>
        <Attr Name="ImportPath" Val="$PPRDIR/../../../../../Two-Player-Snake-main/snake_game.srcs/sources_1/new/debouncer.v"/>
        <Attr Name="ImportTime" Val="1731521297"/>
        <Attr Name="UsedIn" Val="synthesis"/>
        <Attr Name="UsedIn" Val="implementation"/>
        <Attr Name="UsedIn" Val="simulation"/>
      </FileInfo>
    </File>
    <File Path="$PSRCDIR/sources_1/new/scoreDisplay.v">
      <FileInfo>
        <Attr Name="UsedIn" Val="synthesis"/>
        <Attr Name="UsedIn" Val="implementation"/>
        <Attr Name="UsedIn" Val="simulation"/>
      </FileInfo>
    </File>
    <File Path="$PSRCDIR/sources_1/new/timer.v">
      <FileInfo>
        <Attr Name="UsedIn" Val="synthesis"/>
        <Attr Name="UsedIn" Val="implementation"/>
        <Attr Name="UsedIn" Val="simulation"/>
      </FileInfo>
    </File>
    <File Path="$PSRCDIR/sources_1/imports/new/Master_Game.v">
      <FileInfo>
        <Attr Name="ImportPath" Val="$PPRDIR/../../../../../Two-Player-Snake-main/snake_game.srcs/sources_1/new/Master_Game.v"/>
        <Attr Name="ImportTime" Val="1731577949"/>
        <Attr Name="UsedIn" Val="synthesis"/>
        <Attr Name="UsedIn" Val="implementation"/>
        <Attr Name="UsedIn" Val="simulation"/>
      </FileInfo>
    </File>
    <Config>
      <Option Name="DesignMode" Val="RTL"/>
      <Option Name="TopModule" Val="Master_Game"/>
      <Option Name="TopAutoSet" Val="TRUE"/>
    </Config>
  </FileSet>
  <FileSet Name="constrs_in" Type="Constrs" RelSrcDir="$PSRCDIR/constrs_1">
    <Filter Type="Constrs"/>
    <File Path="$PSRCDIR/constrs_1/imports/new/Snake_Constr.xdc">
      <FileInfo>
        <Attr Name="ImportPath" Val="$PPRDIR/../../../../../Two-Player-Snake-main/snake_game.srcs/constrs_1/new/Snake_Constr.xdc"/>
        <Attr Name="ImportTime" Val="1731521296"/>
        <Attr Name="UsedIn" Val="synthesis"/>
        <Attr Name="UsedIn" Val="implementation"/>
      </FileInfo>
    </File>
    <Config>
      <Option Name="ConstrsType" Val="XDC"/>
    </Config>
  </FileSet>
  <FileSet Name="utils" Type="Utils" RelSrcDir="$PSRCDIR/utils_1">
    <Filter Type="Utils"/>
    <Config>
      <Option Name="TopAutoSet" Val="TRUE"/>
    </Config>
  </FileSet>
  <Strategy Version="1" Minor="2">
    <StratHandle Name="Vivado Implementation Defaults" Flow="Vivado Implementation 2020"/>
    <Step Id="init_design"/>
    <Step Id="opt_design"/>
    <Step Id="power_opt_design"/>
    <Step Id="place_design"/>
    <Step Id="post_place_power_opt_design"/>
    <Step Id="phys_opt_design"/>
    <Step Id="route_design"/>
    <Step Id="post_route_phys_opt_design"/>
    <Step Id="write_bitstream"/>
  </Strategy>
</GenRun>
